{
  "SeriesId": 542711714311112795  ,
  "VoucherDate": "2022/03/20 00:00:00"   ,
  "Text": "API_Text_1 ",
  "IsPreliminary": 1 ,
  "Comment": 
  {
  "Text": "API_Text_1" ,
  "RawText": "API_RawText_1"
  }
  ,
  "VoucherRows": 
  [
  {
  "CodingEntry": 
  {
  "AccountId": 541165954424997647  ,
  "CodingEntryDescription": "API_CodingEntryDescription_1"  ,
  "CodingEntryElements": null
  }
   ,
  "DebitInCompanyCurrency": 10.0   ,
  "CreditInCompanyCurrency": 20.0   ,
  "OrderNumber":  "API_OrderNumber_2"  ,
  "ExchangeRate":  1.5  ,
  "Quantity": 20 ,
  "VatRateId": 1
  }
  ]

}
