{
  "AccountsPayableId": 864399993769485917  ,
  "AccrualAccountingType": 1,
  "VoucherRowId": 552388839339172897,
  "BookingRowId": 552388545133913315 ,
  "StartDate": "2022-03-01T00:00:00",
  "Periods": 
   [
    {
  "PeriodAmountInCompanyCurrency": 10.0
    }
   ]
   ,
  "BookingRows": 
  [
   {
  "BookingRowId": 552388545133913315,
  "AccountId": 541165954424997647  ,
  "DebitAmountInCompanyCurrency": 10.0 ,
  "CreditAmountInCompanyCurrency": 20.0 ,
  "CodingEntryElements": 
  [
   {
  "CodingDimensionId": 1,
  "RefencingEntityId": 577623856433158025
   }
  ]
  ,
  "CodingEntryDescription": "API_CodingEntryDescription_3"  ,
   }
  ]

}


