{
  "CommentId": 634268540322559413  ,
  "RootEntityId": 589236874725722359 ,
  "Text": 
  {
  "Value": "<body> <p style= text-align:left;text-indent:0pt;margin:0pt 0pt 0pt 0pt; ><span style= color:#000000;background-color:transparent;font-family:Tahoma;font-size:8pt;font-weight:normal;font-style:normal; >slkjdlkasjdlksajd</span></p><p style= text-align:left;text-indent:0pt;margin:0pt 0pt 0pt 0pt; ><span style= color:#000000;background-color:transparent;font-family:Tahoma;font-size:8pt;font-weight:normal;font-style:normal; >350 tk.</span></p></body> "
  }
  ,
  "RawText": 
  {
  "Value": "slkjdlkasjdlksajd 350 tk."
  }

}
