{
  "AddressId": 541165834165928834   ,
  "Addressee":
  {
  "Value":  "Monitor Industries Inc.T"
  }
  ,
  "Field1": 
  {
  "Value":  "Box 264"
  }
  ,
  "Field2": 
  {
  "Value":  "Turku"
  }
  ,
  "Field3": 
  {
  "Value":  null
  }
  ,
  "Field4": 
  {
  "Value":  null
  }
  ,
  "Field5": 
  {
  "Value":  "82426 Turku"
  }
  ,
  "FormReportTranslationGroupId": 
  {
  "Value":  null
  }
  ,
  "LanguageId": 
  {
  "Value":  2
  }
  ,
  "Locality": 
  {
  "Value":  "Turku"
  }
  ,
  "PostalCode": 
  {
  "Value":  "82426"
  }
  ,
  "PostalCodeId": 
  {
  "Value":  null
  }
  ,
  "Region": 
  {
  "Value":  null
  }
  ,
  "SetAddressCountry": 
  {
  "AddressFormatType": 1,
  "LanguageId": 2,
  "CountryId": 215
  }

}
