{
  "ProjectCostReportingEntryId": 577552386029590746  ,
  "ReportingDate": 
  {
  "Value":   "2022/03/28 00:00:00"
  }
  ,
  "OurReferenceId": 
  {
  "Value": 547564361629857973
  }
  ,
  "OurReferenceName": 
  {
  "Value": "API_OurReferenceName_1"
  }
  ,
  "EmployeeId": 
  {
  "Value": 547564361629857973
  }
  ,
  "WorkCenterId": 
  {
  "Value": 1
  }
  ,
  "DepartmentId": 
  {
  "Value": 541165830944702470
  }
  ,
  "Comment": 
  {
  "Text": "API_Text_1" ,
  "RawText": "API_RawText_1"
  }

}
