{
  "ProjectActivityId": 868065366093091551 ,
  "Description": 
  {
  "Value":   "Quote for customer" 
  }
  ,
 "ResponsibleUserId": 
  {
  "Value":   541182949693749337 
  }
  ,
  "PlannedTimeInHours": 
  {
  "Value":   1000.0
  }
  ,
  "PlannedStartDate": 
  {
  "Value":   "2022-03-28T00:00:00+00:00"
  }
  ,
  "PlannedCompletionDate": 
  {
  "Value":   "2022-07-28T00:00:00+00:00"
  }
  ,
  "Status": 
  {
  "Value":   1
  }
  ,
  "RestTimeInHours": 
  {
  "Value":   900.0
  }
  ,
  "CompletionDate": null   ,
  "CompletedByUserId": null   ,
  "LockedDelegateWork": 
  {
  "Value":   0  
  }
  ,
  "ShowInProjectReport": 
  {
  "Value":   1  
  }
  ,
  "Reminder": 
  {
  "Value":   0  
  }

}
