{
  "ProjectId": 868059719284836819  ,
  "Activity": 
   {
  "ActivityTypeId": 579802163491010596  ,
  "Description": "Register orders"  ,
  "ResponsibleUserId": 541182949693749337    ,
  "PlannedTimeInHours": 1000.0 ,
  "PlannedStartDate": "2022-03-28T00:00:00+00:00",
  "PlannedCompletionDate": "2022-07-28T00:00:00+00:00" ,
  "Status": 1  ,
  "RestTimeInHours":  900.0 ,
  "CompletionDate": null,
  "CompletedByUserId": null,
  "LockedDelegateWork":  0 ,
  "ShowInProjectReport": 1 ,
  "Reminder": 0
   }
}
