{
  "PersonId":  547558925274975748  ,
  "EmailAddress": 
  {
  "Value": "test@Monitor.ee"
  }
   ,
  "PhoneNumber": 
  {
  "Value": "6374629"
  }
  ,
  "CellPhoneNumber": 
  {
  "Value": "516374629"
  }
  ,
  "InternalPhoneNumber": 
  {
  "Value": "516374629"
  }
  ,
  "FaxNumber": 
  {
  "Value": "6374629"
  }
  ,
  "PrivatePhoneNumber": 
  {
  "Value": "6374629"
  }
  ,
  "PrivateCellPhoneNumber": 
  {
  "Value": "516374629"
  }
  ,
  "Contact": 
  {
  "Value": "API_Contact_1"
  }
  ,
  "ContactPhoneNumber": 
  {
  "Value": "6374629"
  }
  ,
  "ContactCellPhoneNumber": 
  {
  "Value": "516374629"
  }
  ,
  "ContactEmailAddress": 
  {
  "Value": "test@Monitor.ee"
  }

}
