{
  "DeliveryAddressId": 541165834165928836  ,
  "Address": 
  {
  "AddressId": 541165834165928834   ,
  "Addressee":
  {
  "Value":  "Monitor Industries Inc.T"
  }
  ,
  "Field1": 
  {
  "Value":  "Box 264"
  }
  ,
  "Field2": 
  {
  "Value":  "Turku"
  }
  ,
  "Field3": 
  {
  "Value":  null
  }
  ,
  "Field4": 
  {
  "Value":  null
  }
  ,
  "Field5": 
  {
  "Value":  "82426 Turku"
  }
  ,
  "FormReportTranslationGroupId": 
  {
  "Value":  null
  }
  ,
  "LanguageId": 
  {
  "Value":  2
  }
  ,
  "Locality": 
  {
  "Value":  "Turku"
  }
  ,
  "PostalCode": 
  {
  "Value":  "82426"
  }
  ,
  "PostalCodeId": 
  {
  "Value":  null
  }
  ,
  "Region": 
  {
  "Value":  null
  }
  ,
  "SetAddressCountry": 
  {
  "AddressFormatType": 1,
  "LanguageId": 2,
  "CountryId": 215
  }

  }

   ,
  "ConsigneeReferenceId": 
  {
  "Value": 541165834165928836
  }
  ,
  "ConsigneeReferenceName": 
  {
  "Value": "API_ConsigneeReferenceName_1"
  }
  ,
  "Destination": 
  {
  "Value": "API_Destination_1"
  }
  ,
  "DeliveryInstruction": 
  {
  "Value": "API_DeliveryInstruction_1"
  }
  ,
  "VatRateId": 
  {
  "Value": 1
  }
  ,
  "CustomerAccountGroupId": 
  {
  "Value": 541165827723477040
  }
  ,
  "SupplierAccountGroupId": 
  {
  "Value": 541165827723477055
  }
  ,
  "VatGroupId": 
  {
  "Value": 1
  }
  ,
  "Warehouses": 
  [
   {
  "DeliveryAddressId": 541165834165928836 ,
  "WarehouseId": 1 ,
  "DeliveryMethodId": 
  {
  "Value": 541165833092186868
  }
  ,
  "DeliveryTermId": 
  {
  "Value": 541165833092186852
  }
  ,
  "DestinationForDeliveryTerm": 
  {
  "Value": "API_DestinationForDeliveryTerm_1"
  }
  ,
  "TransportTime": 
  {
  "Value": 20220322
  }
  ,
  "DeliveryWeekdays": 
  {
  "Value": 0
  }


   }
  ]

}

