{
 "ApplicationUserId": 609561718848516614 ,
  "Username": 
  {
  "Value": "USER"
  }
  ,
  "Description": 
  {
  "Value": "Name"
  }
  ,
  "Password": 
  {
  "Value": "USER"
  }
  ,
  "LanguageId": 
  {
  "Value": 1
  }
  ,
  "WarehouseId": 
  {
  "Value": 1
  }
  ,
  "PersonId": 
  {
  "Value": 547558925274975748
  }
  ,
  "WindowsUserAccountName": 
  {
  "Value": "API_WindowsUserAccountName_1"
  }
  ,
  "CanBeSetAsResponsibleForActivity": 
  {
  "Value": 1
  }
  ,
  "AllowWebAccess": 
  {
  "Value": 1
  }
  ,
  "CanWriteInstructions": 
  {
  "Value": 1
  }
  ,
  "SynchronizeActivitiesWithCalendar": 
  {
  "Value": 1
  }
  ,
  "DefaultVoucherSeriesId": 
  {
  "Value": 542711714311112795
  }

}
