{
  "PersonId":  547558925274975748  ,
  "FirstName": 
  {
  "Value": "API_FirstName_1"
  }
  ,
  "LastName": 
  {
  "Value": "API_LastName_1"
  }
  ,
  "Initials": 
  {
  "Value": "API_1"
  }
  ,
  "WarehouseId": 
  {
  "Value": 1
  }
  ,
  "ApplicationUserId": 
  {
  "Value": 1
  }
  ,  
  "IdentityNumber": 
  {
  "Value": "API_1"
  }
  ,
  "DepartmentId": 
  {
  "Value": 541165830944702470
  }
  ,
  "Position": 
  {
  "Value": "API_Position_1"
  }
  ,
  "Category": 
  {
  "Value": "API_Category_1"
  }

}
