{
  "ProjectId":  868057411813651428  ,
  "Name": 
  {
  "Value": "API_Name_1"
  }
  ,
  "ProjectGroupId": 
  {
  "Value": null
  }
  ,
  "ActivityTemplateId": 
  {
  "Value": null
  }
  ,
  "ProjectStatus": 
  {
  "Value": 1
  }
  ,
  "CustomerId": 
  {
  "Value": 577549549203697479
  }
  ,
  "SellerId": 
  {
  "Value": 547564361629857973
  }
  ,
  "OurReferenceId": 
  {
  "Value": 547564361629857973
  }
  ,
  "CustomerReferenceId": 
  {
  "Value": 577549900317273632
  }
  ,
  "CustomerOrderId": 
  {
  "Value": null
  }
  ,
  "ParentProjectId": 
  {
  "Value": 577552386029590746
  }


}
