{
  "Id": 573863551366861046,
  "CaseDate": 
  {
  "Value": "2022/03/17 14:32:22"
  }
  ,
  "RejectionCodeItemId": 
  {
  "Value": "547558664355711284"
  }
  ,
  "ActualRejectionCodeItemId": 
  {
  "Value": "547558664355711284"
  }
  ,
  "ReasonRejectionCodeId": 
  {
  "Value": "547558664355711284"
  }
  ,
  "ReasonPartId": 
  {
  "Value": "546355240287654413"
  }
  ,
  "ReasonSupplierId": 
  {
  "Value": "544197226460762842"
  }
  ,
  "ReasonWorkCenterId": 
  {
  "Value": "546116458360075797"
  }
  ,
  "ReasonDepartmentId": 
  {
  "Value": "541181246739217092"
  }
  ,
  "Status": 
  {
  "Value": 4
  }
  ,
  "OurReferenceId": 
  {
  "Value": "547564361629857973"
  }
  ,
  "OurReferenceName": 
  {
  "Value": null
  }
  ,
  "CustomerOrderId": 
  {
  "Value": "553784106987012982"
  }
  ,
  "ProjectId": 
  {
  "Value": "577552386029590746"
  }
  ,
  "RejectionDescription": 
  {
  "Value": "API_RejectionDescription"
  }
  ,
  "PartId": 
  {
  "Value": "547566148336246153"
  }
  ,
  "ProductRecordId": 
  {
  "Value": "551185765311819418"
  }
  ,
  "RejectedQuantity": 
  {
  "Value": 10
  }
  ,
  "CustomerReferenceId": 
  {
  "Value": null
  }
  ,
  "CustomerReferenceName": 
  {
  "Value": "API_CustomerReferenceName_1"
  }
  ,
  "CustomerCaseNumber": 
  {
  "Value": "API_CustomerCaseNumber_1"
  }
  ,
  "DeliveredQuantity": 
  {
  "Value": 150.5
  }
  ,
  "DeliveryDate": 
  {
  "Value": "2022/03/19 14:32:22"
  }
  ,
  "AccountsReceivableId": 
  {
  "Value": null 
  }
  ,
  "CategoryString": 
  {
  "Value": "API_CategoryString_1"
  }

}
