{
  "ProductRecordId": 863295550443050073 ,
  "HasWarranty": 
  {
  "Value": 1
  }
  ,
  "WarrantyStartDate": 
  {
  "Value": "2022-01-24 00:00:00"
  }
  ,
  "WarrantyEndDate": 
  {
  "Value": "2023-01-24 00:00:00"
  }
  ,
  "WarrantyMonths": 
  {
  "Value": 12
  }
  ,
  "OurReferenceId": 
  {
  "Value":  null
  }
  ,
  "CustomerReferenceId": 
  {
  "Value":  null
  }
  ,
  "CustomerOrderId": 
  {
  "Value":  "613925155324664602"
  }
  ,
  "InstallationCode": 
  {
  "Value":  "API_Ins_1"
  }
  ,
  "PlannedDeliveryDate": 
  {
  "Value": "2022-03-24 00:00:00"
  }
  ,
  "TypeDescription": 
  {
  "Value":  "API_TypeDescription_1"
  }
  ,
  "ActualDeliveryDate": 
  {
  "Value": "2022-03-25 00:00:00"
  }
  ,
  "RegistrationNo": 
  {
  "Value":  "API_RegistrationNo_1"
  }
  ,
  "InstalledBy": 
  {
  "Value":  null
  }
  ,
  "InstallationDate": 
  {
  "Value": "2022-03-26 00:00:00"
  }

}
