{
  "SupplierPartLinkId": 544516406948711488 ,
  "PartId": 544516406948711512 ,
  "SupplierId": 544209744143034036 ,
  "Price": 
    {
     "Value": 19.6 
    }
  ,
  "UnitId": 
    {
     "Value": 541165833092186662 
    }
  ,
  "SetupPrice": 
    {
     "Value": 0.0 
    }
   ,
  "PriceCurrencyId": 
    {
     "Value": 2 
    }
   ,
  "Discount": 
    {
     "Value": 0 
    }
   ,
  "SupplierPartNumber": 
    {
     "Value": null 
    }
   ,
  "PurchaseCommentShowInForms": 
    {
     "Value": 3 
    }
   ,
  "LeadTime": 
    {
     "Value": 2
    }
   ,
  "PriceValidThrough": 
    {
     "Value": "1970/01/24 00:00:00"
    }
   ,
  "FuturePrice": 
    {
     "Value": 0 
    }
   ,
  "FuturePriceValidThrough": 
    {
     "Value": "2023/01/24 00:00:00"
    }
   ,
  "FutureSetupPrice": 
    {
     "Value": 0 
    }
   ,
  "IncludeAlloyCostOnPurchaseOrder": 
    {
     "Value": 1 
    }
   ,
  "QuantityPerPackage": 
    {
     "Value": 10 
    }
   ,
  "Brand": 
    {
     "Value": null  
    }
   ,
  "Storage": 
    {
     "Value": null  
    }
   ,
  "Dock": 
    {
     "Value": null  
    }

}
