{
  "PartPlanningInformationId":  544516405874970177 ,
  "LotSizingRule": 
  {
  "Value": 2
  }
  ,
  "AcquisitionWarehouseId": 
  {
  "Value": null
  }
  ,
  "AbcCodeId": 
  {
  "Value": null
  }
  ,
  "LeadTime": 
  {
  "Value": 100000
  }
  ,
  "SafetyStock": 
  {
  "Value": 50
  }
  ,
  "Eoq": 
  {
  "Value": 200
  }
  ,
  "MinQuantity": 
  {
  "Value": 200
  }
  ,
  "RoundingBase": 
  {
  "Value": 50
  }
  ,
  "MaxQuantity": 
  {
  "Value": 50000
  }
  ,
  "ContactId": 
  {
  "Value": null 
  }
  ,
  "AllowOrderCreationFromCustomerOrder": 
  {
  "Value": 1 
  }
  ,
  "SafetyTime": 
  {
  "Value": 100000 
  }
  ,
  "DefaultTransferProfileId": 
  {
  "Value": null
  }
  ,
  "PlanningMethod": 
  {
  "Value": 0
  }

}
