{
  "CaseEntryId": 604337773721178563,
  "CaseManagementPhaseId": 7 ,
  "Description": "API_Description_1"   ,
  "ResponsibleUserId": 541165829870960660,
  "Activities": 
  [
  {
  "CaseManagementActivityId": 1,
  "Description": "API_Description_1",
  "ResponsibleUserId": 541165829870960660,
  "Comment": 
  {
  "Text": "API_Text_1",
  "RawText": "API_RawText_1"
  }
  ,
  "CostPerHour": 1.5 ,
  "PlannedTimeInHours": 4.5 ,
  "PlannedStartDate": 
   {
  "Value": "2022/03/17 00:00:00"
   }
   ,
  "PlannedCompletionDate": null
   ,
  "Status": 1 ,
  "ReportedTimeInHours": 2.3 ,
  "CompletionDate": null
   ,
  "CompletedByUserId": 541185168044349848,
  "ShowOnDocument": 1 ,
  "Reminder": 1 ,
  "Chargeable": 1 
  }


  ]

}
