{
  "CaseEntryActivityId": 604338230061455564 ,
  "CaseManagementActivityId": 
  {
  "Value": 1
  }
  ,
  "Description": 
  {
  "Value": "API_Description_1"
  }
  ,
  "ResponsibleUserId": 
  {
  "Value": 541165829870960660
  }
  ,
  "CostPerHour": 
  {
  "Value": 1.5
  }
  ,
  "PlannedTimeInHours": 
  {
  "Value": 4.5
  }
  ,
  "PlannedStartDate": 
   {
  "Value": "2022/03/17 00:00:00"
   }
   ,
  "PlannedCompletionDate": 
   {
  "Value": "2022/03/18 00:00:00"
   }
   ,
  "Status": 
   {
  "Value": 1
   }
  ,
  "ReportedTimeInHours": 
   {
  "Value": 2.3
   }
  ,
  "CompletionDate": null,
  "CompletedByUserId":
   {
  "Value": 541185168044349848
   }
   ,
  "ShowOnDocument": 
   {
  "Value": 1
   }
   ,
  "Reminder":
   {
  "Value": 1
   }
   ,
  "Chargeable":  
   {
  "Value": 1
   }

}
