{
  "PartId": 861451348392420983,
  "PartNumber": 
  {
  "Value": "API_PartNumber_1"
  }
,
  "Description": 
  {
  "Value": "API_PartDescription_1"
  }
,
  "ExtraDescription": 
  {
  "Value": "API_PartExtraDescription_1"
  }
,
  "Length": 
  {
  "Value": 1
  }
 ,
  "Width": 
  {
  "Value": 2
  }
,
  "Height": 
  {
  "Value": 3
  }
,
  "PackagingType": 
  {
  "Value": 0
  }
,
  "PackageVolumeConsistsOf": 
  {
  "Value": 0
  }
,
  "PackageTypeId": 
  {
  "Value": 541165644113575619
  }
,
  "UseRandomLocationStorage": 
  {
  "Value": 1
  }
,
  "ShowFictiousStructureOnOrderRegistration": 
  {
  "Value": 1
  }
 ,
  "ManageStockBalance": 
  {
  "Value": 1
  }
,
  "StandardPrice": 
  {
  "Value": "1,5"
  }
 ,
  "StandardPriceCurrencyId": 
  {
  "Value": 2
  }
,
  "FutureStandardPrice": 
  {
  "Value": "2,5"
  }
,
  "FutureStandardPriceCurrencyId": 
  {
  "Value": 2
  }
,
  "PartType": 
  {
  "Value": 2
  }
,
  "ProductGroupId": 
  {
  "Value": 541165833092186743
  }
,

  "WeightPerUnit": 
  {
  "Value": "5"
  }
 ,
  "StatisticalGoodsCodeId": 
  {
  "Value": 569392739948440399
  }
 ,
  "StatisticalGoodsValue": 
  {
  "Value": "11111111"
  }
 ,
  "CountryOfOriginId": 
  {
  "Value": 209
  }
 ,
  "PartCodeId": 
  {
  "Value": 546439369033432530
  }
 ,
  "CategoryString": 
  {
  "Value": "CategoryString"
  }
 ,
  "StorageOverheadMarkupId": 
  {
  "Value": -1
  }
 ,
  "SalesOverheadMarkupId": 
  {
  "Value": -1
  }
 ,
  "ProfitMarkupId": 
  {
  "Value": -1
  }
  ,
  "VolumePerUnit": 
  {
  "Value": "0,3"
  }
 ,
  "PurchaseLabelType": 
  {
  "Value": 0 
  }
 ,
  "CurrentAlloyId": 
  {
  "Value": null
  }
 ,
  "PurchaseQuantityPerPackage": 
  {
  "Value": 6
  }
 ,
  "IsPackaging": 
  {
  "Value": 1
  }
 ,
  "PurchaseAndManufactureOnProject": 
  {
  "Value": 1
  }
 ,
  "ServiceType": 
  {
  "Value": 0
  }
 ,
  "QuantityPerPackage": 
  {
  "Value": 8
  }
 ,
  "PackagingWeightPerPackage": 
  {
  "Value": 9
  }
 ,
  "PackagingPartId": 
  {
  "Value": null
  }
 ,
  "LoadingMetersPerUnit": 
  {
  "Value": "0,5"
  }
,
  "PackingReference": 
  {
  "Value": "PackingReference"
  }
 ,
  "Gs1Code": 
  {
  "Value": "Gs1Code"
  }
 ,
  "VatRateId": 
  {
  "Value": 1
  }
 ,
  "TransportCost": 
  {
  "Value": 0
  }
 ,
  "SerialNumberGeneration": 
  {
  "Value": 0 
  }
 ,
  "SerialNumberGenerationSource": 
  {
  "Value": 1 
  }
 ,
  "GoodsType": 
  {
  "Value": "GoodsType"
  }
 ,
  "LeadTimeToCustomer": 
  {
  "Value": 0 
  }
 ,
  "QuantityForLeadtimeToCustomer": 
  {
  "Value": 10
  }
 ,
  "SalesLabelType": 
  {
  "Value": 0 
  }
 ,
  "DefaultCustomerOrderWarehouseId": 
  {
  "Value": 1
  }
 ,
  "ManufacturingLabelType": 
  {
  "Value": 0 
  }
 ,
  "PreparerId": 
  {
  "Value": 547558925274975748
  }
 ,
  "GoodsTypeId": 
  {
  "Value": 541165716054310693
  }
 ,
  "CalculatedQuantity": 
  {
  "Value": 0
  }
 ,
  "ReceivingInspectionType": 
  {
  "Value": 0 
  }
 ,
  "ActiveRevisionId": 
  {
  "Value": 750142131190236096
  }
 ,
  "Status": 
  {
  "Value": 4
  }
,
  "TraceabilityMode": 
  {
  "Value": 0
  }
 ,
  "UseBestBeforeDate": 
  {
  "Value": 0
  }
,
  "DaysToAddToBestBeforeDate": 
  {
  "Value": 0
  }
 ,
  "SuggestBestBeforeDate": 
  {
  "Value": 0
  }
 
}