{
  "Id": 558443268743899392,
  "Expense1PercentOfPriceValue": 
  {
  "Value": 2.5
  }
  ,
  "Expense1PerEachValue": 
  {
  "Value": 1.5
  }
  ,
  "Expense2PercentOfPriceValue": 
  {
  "Value": 3.5
  }
  ,
  "Expense2PerEachValue": 
  {
  "Value": 4.5
  }
  ,
  "Expense3PercentOfPriceValue": 
  {
  "Value": 5.5
  }
  ,
  "Expense3PerEachValue": 
  {
  "Value": 6.5
  }
  ,
  "CertificatePercentOfPriceValue": 
  {
  "Value": 7.5
  }
  ,
  "CertificatePerEachValue": 
  {
  "Value": 8.5
  }
  ,
  "CertificatePerKgValue": 
  {
  "Value": 9.5
  }
  ,
  "CertificatePerPackageValue": 
  {
  "Value": 10.5
  }
  ,
  "CertificatePerOrderValue": 
  {
  "Value": 11.5
  }
  ,
  "CertificatePerQuantityValue": 
  {
  "Value": 12.5
  }
  ,
  "CertificateQuantityValue": 
  {
  "Value": 13.5
  }
  ,
  "Expense1PerKgValue": 
  {
  "Value": 14.5
  }
  ,
  "Expense1PerPackageValue": 
  {
  "Value": 15.5
  }
  ,
  "Expense1PerOrderValue": 
  {
  "Value": 16.5
  }
  ,
  "Expense1PerQuantityValue": 
  {
  "Value": 17.5
  }
  ,
  "Expense1QuantityValue": 
  {
  "Value": 18.5
  }
  ,
  "Expense2PerKgValue": 
  {
  "Value": 19.5
  }
  ,
  "Expense2PerPackageValue": 
  {
  "Value": 20.5
  }
  ,
  "Expense2PerOrderValue": 
  {
  "Value": 21.5
  }
  ,
  "Expense2PerQuantityValue": 
  {
  "Value": 22.5
  }
  ,
  "Expense2QuantityValue": 
  {
  "Value": 23.5
  }
  ,
  "Expense3PerKgValue": 
  {
  "Value": 24.5
  }
  ,
  "Expense3PerPackageValue": 
  {
  "Value": 25.5
  }
  ,
  "Expense3PerOrderValue": 
  {
  "Value": 26.5
  }
  ,
  "Expense3PerQuantityValue": 
  {
  "Value": 27.5
  }
  ,
  "Expense3QuantityValue": 
  {
  "Value": 28.5
  }
  ,
  "Expense4PercentOfPriceValue": 
  {
  "Value": 29.5
  }
  ,
  "Expense4PerEachValue": 
  {
  "Value": 30.5
  }
  ,
  "Expense4PerKgValue": 
  {
  "Value": 31.5
  }
  ,
  "Expense4PerPackageValue": 
  {
  "Value": 32.5
  }
  ,
  "Expense4PerOrderValue": 
  {
  "Value": 33.5
  }
  ,
  "Expense4PerQuantityValue": 
  {
  "Value": 34.5
  }
  ,
  "Expense4QuantityValue": 
  {
  "Value": 35.5
  }
  ,
  "Expense5PercentOfPriceValue": 
  {
  "Value": 36.5
  }
  ,
  "Expense5PerEachValue": 
  {
  "Value": 37.5
  }
  ,
  "Expense5PerKgValue": 
  {
  "Value": 38.5
  }
  ,
  "Expense5PerPackageValue": 
  {
  "Value": 39.5
  }
  ,
  "Expense5PerOrderValue": 
  {
  "Value": 40.5
  }
  ,
  "Expense5PerQuantityValue": 
  {
  "Value": 41.5
  }
  ,
  "Expense5QuantityValue": 
  {
  "Value": 42.5
  }

}
