{
  "ProductRecordId": 551185765311819418 ,
  "Addressee": 
  {
  "Value": "API_Addressee_1"  
  }
  ,
  "Field1": 
  {
  "Value": "API_7th floor, Advant - Navis Business Park"  
  }
  ,
  "Field2": 
  {
  "Value": "API_Plot No-7, Sector-142, Noida"  
  }
  ,
  "Field3": 
  {
  "Value": "API_201305"  
  }
  ,
  "Field4": 
  {
  "Value": "API_Uttar Pradesh"  
  }
  ,
  "Field5": 
  {
  "Value": "API_66300 JURVA"  
  }
  ,
  "FormReportTranslationGroupId": 
  {
  "Value": null
  }
  ,
  "LanguageId": 
  {
  "Value": 2
  }
  ,
  "Locality": 
  {
  "Value": "API_ESPOO"
  }
  ,
  "PostalCode": 
  {
  "Value": "API_82426"
  }
  ,
  "PostalCodeId": 
  {
  "Value": null
  }
  ,
  "Region": 
  {
  "Value": "API_Schleswig-Holstein"
  }
  ,
  "SetAddressCountry": 
  {
  "AddressFormatType": 1,
  "LanguageId": 1,
  "CountryId": 28
  }

}

