{
  "CustomerPartLinkId": 604233118261342507 ,
  "PartId": 600592251465098475 ,
  "CustomerId": 547575408285834014,
  "Price": 
  {
  "Value": "1.5"
  },

  "UnitId": 
  {
  "Value": "541165833092186662"
  },
  "SetupPrice": 
  {
  "Value": "2.5"
  },
  "PriceCurrencyId": 
  {
  "Value": "2"
  },
   "Discount": 
  {
  "Value": "0.5"
  },
  "CustomerPartNumber": 
  {
  "Value": "API_CustomerPartNumber_1"
  },
  "SalesCommentShowInForms": 
  {
  "Value": "0"
  },
  "PriceValidThrough": 
  {
  "Value": null
  } ,
  "FuturePrice": 
  {
  "Value": "3.5" 
  }
  ,
  "FuturePriceValidThrough": 
  {
  "Value": null
  } ,
  "LeadTime": 
  {
  "Value": "2"
  } ,
  "QuantityForLeadTimeToCustomer": 
  {
  "Value": "3.5"
  } ,
  "Gs1Code": 
  {
  "Value": "API_Gs1Code_1"
  } ,
  "QuantityPerPackage": 
  {
  "Value": "6"
  } ,

  "PackagingPartId": 
  {
  "Value": null
  } 

}
