{
  "PartId": 544516405874970197  ,
  "OrderNumber": "API_MON_1 " ,
  "Quantity": 1000.0,
  "FinishDate": "2022/04/30 00:00:00"  ,
  "CustomerId": 547575408285834014  ,
  "VariantCode": "API_VariantCode_1"  ,
  "RevisionId": 750142131190236096  ,
  "OrderTypeId": 705937466403859269 ,
  "StartDate": "2022/03/31 00:00:00"  ,
  "Priority": 1 ,
  "WarehouseId": 1 ,
  "ProjectId": 577552386029590746  ,
  "Comment": 
  {
  "Text": "API_Text_1" ,
  "RawText": "API_RawText_1"
  }
  ,
  "CategoryString": "API_Category_1"  ,
  "CreatePurchaseOrder": 0
}
