{
  "OperationRowId":  546176581459713115  ,
  "OperationNumber":  
  {
  "Value": 10
  }
  ,
  "Description": 
  {
  "Value": "Injection molding"
  }
  ,
  "ExtraQuantityPercent": 
  {
  "Value": 5
  }
  ,
  "IsForCalculationOnly": 
  {
  "Value": 0
  }
  ,
  "NumberOfFlows": 
  {
  "Value": 1
  }
  ,
  "OverlapPercent": 
  {
  "Value": 2
  }
  ,
  "SetupQuantity": 
  {
  "Value": 10
  }
  ,
  "SetupStaffingFactor": 
  {
  "Value": 3
  }
  ,
  "TimeCode": 
  {
  "Value": 0
  }
  ,
  "TimeUnit": 
  {
  "Value": 1
  }
  ,
  "SetupTime": 
  {
  "Value": 20220404
  }
  ,
  "UnitTime": 
  {
  "Value": 20220404000000
  }
  ,
  "QueueTime": 
  {
  "Value": 202204040000
  }
  ,
  "FixedLeadTime": 
  {
  "Value": 2022040400
  }
  ,
  "UseQueueTimeWholeDayRoundOf": 
  {
  "Value": 0
  }

}
