{
  "ManufacturingOrderOperationId": 551186004756249001 ,
  "Priority": 
  {
  "Value": 1
  }
  ,
  "PlannedQuantity": 
  {
  "Value": 1000
  }
  ,
  "WipLocation": 
  {
  "Value": "API_WipLocation_1"
  }
  ,
  "PlannedUnitTime": 
  {
  "Value": 20220331000000
  }
  ,
  "PlannedSetupTime": 
  {
  "Value": 20220331
  }
  ,
  "PlannedUnitCostInCompanyCurrency": 
  {
  "Value": 1.5 
  }
  ,
  "PlannedSetupCostInCompanyCurrency": 
  {
  "Value": 2.5 
  }
  ,
  "Description": 
  {
  "Value": "API_Description_1"
  }

}
