{
  "RowId": 871099140338223551  ,
  "PartId": 
  {
  "Value": 544516405874970197
  }
 ,
  "AdditionalPartCode": 
  {
  "Value": "API_AdditCode_1"
  }
  ,
  "PartDescription": 
  {
  "Value": "API_PartDescription_1"
  }
  ,
  "TextRowData": null,
  "OrderedQuantity": 
  {
  "Value": 1000.0
  }
  ,
  "Price": 
  {
  "Value": 1.5
  }
  ,
  "SetupPrice": 
  {
  "Value": 2.5
  }
  ,
  "WarehouseId": 
  {
  "Value": 577616803023078647
  }
  ,
  "OrderRowType": 
  {
  "Value": 1
  }
  ,
  "DeliveryDate": 
  {
  "Value": "2022/06/01 00:00:00"
  }
  ,
  "Discount": 
  {
  "Value": 5.0
  }
  ,
  "SubRowContent": 
  {
  "Value": "API_SubRowContent_1"
  }
  ,
  "RowsGoodsLabel": 
  {
  "Value": "API_RowsGoodsLabel_1"
  }

}
