
{
  "InquiryId": 871076843019314503 ,
  "Addressee": 
  {
  "Value": "API_Addressee_1"
  }
  ,
  "Field1": 
  {
  "Value": "API_Field1_1"
  }
  ,
  "Field2": 
  {
  "Value": "API_Field2_1"
  }
  ,
  "Field3": 
  {
  "Value": "API_Field3_1"
  }
  ,
  "Field4": 
  {
  "Value": "API_Field4_1"
  }
  ,
  "Field5": 
  {
  "Value": "API_Field5_1"
  }
  ,
  "Locality": 
  {
  "Value": "API_Locality_1"
  }
  ,
  "Region": 
  {
  "Value": "API_Region_1"
  }
  ,
  "PostalCode": 
  {
  "Value": "API_PostalCode_1"
  }
  ,
  "LanguageId": 
  {
  "Value": 2
  }
  ,
  "FormReportTranslationGroupId": null,
  "PostalCodeId": null,
  "SetAddressCountry": 
  {
  "AddressFormatType": 1,
  "LanguageId": 2,
  "CountryId": 202
  }
}
