{
  "InquiryId": 871076706654102892   ,
  "PartId": 544516405874970197  ,
  "AdditionalPartCode": "API_AdditCode_1"   ,
  "PartDescription": "API_PartDescription_1"  ,
  "TextRowData": null,
  "OrderedQuantity": 1000.0,
  "Price": 1.5  ,
  "SetupPrice": 2.5  ,
  "WarehouseId": 577616803023078647  ,
  "OrderRowType":   1  ,
  "DeliveryDate": "2022/06/01 00:00:00" ,
  "Discount":   5.0  ,
  "SubRowContent": null,
  "InsertRowBeforeId": null,
  "InsertRowAfterId": null,
  "PartConfigurationSessionId": null,
  "WeightPerUnit": 2.2  ,
  "RowsGoodsLabel": "API_RowsGoodsLabel_1"
}
