{
  "PurchaseOrderId": 871496610629024325 ,
  "PartId": 544516405874970197  ,
  "AdditionalPartCode": "API_AddPartCode_1"  ,
  "PartDescription": "API_PartDescription_1" ,
  "TextRowData": null,
  "OrderedQuantity": 1000.0,
  "Price": 1.5  ,
  "SetupPrice": 2.5  ,
  "WarehouseId": 577616803023078647  ,
  "OrderRowType": 1 ,
  "DeliveryDate": "2022/04/30 00:00:00"  ,
  "Discount": 5.0 ,
  "SubRowContent": null,
  "InsertRowBeforeId": null,
  "InsertRowAfterId": null,
  "PartConfigurationSessionId": null,
  "WeightPerUnit": 2.6  ,
  "RowsGoodsLabel": "API_RowsGoodsLabel_1"
}
