{
  "RowId": 871510401767889193  ,
  "PartId": 
  {
  "Value": 544516405874970197
  }
  ,
  "AdditionalPartCode": 
  {
  "Value": "API_AdditionalPartCode_1"
  }
  ,
  "PartDescription": 
  {
  "Value": "API_PartDescription_1"
  }
  ,
  "TextRowData": 
  {
  "Value": "API_TextRowData_1"
  }
  ,
  "OrderedQuantity": 
  {
  "Value": 1000.0
  }
  ,
  "Price": 
  {
  "Value": 1.5
  }
  ,
  "SetupPrice": 
  {
  "Value": 2.5
  }
  ,
  "WarehouseId": 
  {
  "Value": 577616803023078647
  }
  ,
  "OrderRowType": 
  {
  "Value": 1
  }
  ,
  "DeliveryDate": 
  {
  "Value": "2022/06/24 00:00:00"
  }
  ,
  "Discount": 
  {
  "Value": 5.0
  }
  ,
  "SubRowContent": 
  {
  "Value": "API_SubRowContent_1"
  }
  ,
  "RowsGoodsLabel": 
  {
  "Value": "API_RowsGoodsLabel_1"
  }
  ,
  "UnitId": 
  {
  "Value": 541165833092186662
  }

}
