{
  "PurchaseOrderId": 871496610629024325 ,
  "Status": 
  {
  "Value": 9
  }
  ,
  "PaymentTermId": 
  {
  "Value": 544218017323805425
  }
  ,
  "PaymentTermDescription": 
  {
  "Value": "API_PaymentTermDescription_1"
  }
  ,
  "GracePeriodInDays": 
  {
  "Value": 5
  }
  ,
  "DeliveryTermId": 
  {
  "Value": 544218604660583972
  }
  ,
  "DeliveryTermDescription": 
  {
  "Value": "API_DeliveryTermDescription_1"
  }
  ,
  "DeliveryMethodId": 
  {
  "Value": 541165833092186868
  }
  ,
  "DeliveryMethodDescription": 
  {
  "Value": "API_DeliveryMethodDescription_1"
  }
  ,
  "WarehouseId": 
  {
  "Value": 577616803023078647
  }
  , 
  "ProjectId": 
  {
  "Value": 577552386029590746
  }
  ,
  "OurReferenceId": 
  {
  "Value": 547558925274975748
  }
  ,
  "OurReferenceName": 
  {
  "Value": "API_OurReferenceName_1"
  }
  ,
  "BusinessContactReferenceId": 
  {
  "Value": 563193706279417433
  }
  ,
  "BusinessContactReferenceName": 
  {
  "Value": "API_BusinessContactReferenceName_1"
  }
  ,
  "BusinessContactOrderNumber": 
  {
  "Value": "API_BusinessContactOrderNumber_1"
  }
   ,
  "OrderDate": 
  {
  "Value": "2022/04/07 00:00:00"
  }
  ,
  "GoodsLabel1": 
  {
  "Value": "API_GoodsLabel1_1"
  }
  ,
  "GoodsLabel2": 
  {
  "Value": "API_GoodsLabel2_1"
  }
  ,
  "Priority": 
  {
  "Value": 9
  }
  ,
  "InvoiceBusinessContactId": 
  {
  "Value": 544197226460762842
  }
}
