{
  "InquiryId": 871076706654102892 ,
  "Status": 
  {
  "Value": 1
  }
  ,
  "PaymentTermId": 
  {
  "Value": 544218017323805425
  }
  ,
  "PaymentTermDescription": 
  {
  "Value": "API_PaymentTermDescription_1"
  }
  ,
  "GracePeriodInDays": 
  {
  "Value": 2
  }
  ,
  "DeliveryTermId": 
  {
  "Value": 544218604660583972
  }
  ,
  "DeliveryTermDescription": 
  {
  "Value": "API_DeliveryTermDescription_1"
  }
  ,
  "DeliveryMethodId": 
  {
  "Value": 541165833092186868
  }
  ,
  "DeliveryMethodDescription": 
  {
  "Value": "API_DeliveryMethodDescription_1"
  }
  ,
  "WarehouseId": 
  {
  "Value": 577616803023078647
  }
  ,
  "OurReferenceId": 
  {
  "Value": 547558925274975748
  }
  ,
  "OurReferenceName": 
  {
  "Value": "API_OurReferenceName_1"
  }
  ,
  "BusinessContactReferenceId": 
  {
  "Value": 547558925274975748
  }
  ,
  "BusinessContactReferenceName": 
  {
  "Value": "API_BusinessContactReferenceName_1"
  }
  ,
  "GoodsLabel1": 
  {
  "Value": "API_GoodsLabel1_1"
  }
  ,
  "GoodsLabel2": 
  {
  "Value": "API_GoodsLabel2_1"
  }
  ,
  "OrderDate": 
  {
  "Value": "2022/04/05 00:00:00"
  }
  ,
  "BusinessContactOrderNumber": 
  {
  "Value": "API_BusinessContactOrderNumber_1"
  }
  ,
  "InquiryDate": 
  {
  "Value": "2022/05/06 00:00:00"
  }
  ,
  "InquiryDescription": 
  {
  "Value": "API_InquiryDescription_1"
  }
  ,
  "LatestContactDate": 
  {
  "Value": "2022/02/26 00:00:00"
  }
  ,
  "ValidThroughDate": 
  {
  "Value": "2023/12/26 00:00:00"
  }
  ,
  "Priority": 
  {
  "Value": 1
  }

}

