{
  "RowId": 872164551119427993  ,
  "PartId": 
  {
  "Value": 547566148336246153 
  }
  ,
  "AdditionalPartCode": 
  {
  "Value": "API_AddPartCode_1"
  }
  ,
  "PartDescription": 
  {
  "Value": "API_PartDescription_1"
  }
  ,
  "TextRowData": null,
  "OrderedQuantity": 
  {
  "Value": 1000.0
  }
  ,
  "Price": 
  {
  "Value": 1.5
  }
  ,
  "SetupPrice": 
  {
  "Value": 2.5
  }
  ,
  "WarehouseId": 
  {
  "Value": 577616803023078647
  }
  ,
  "OrderRowType": 
  {
  "Value": 1
  }
  ,
  "DeliveryDate": 
  {
  "Value": "2022/06/18 00:00:00" 
  }
  ,
  "DesiredDeliveryDate": 
  {
  "Value": "2022/06/18 00:00:00" 
  }
  ,
  "Discount": 
  {
  "Value": 5.0
  }
  ,
  "SubRowContent": null,
  "Dock": 
  {
  "Value": "API_Dock_1"
  }
  ,
  "DockName": 
  {
  "Value": "API_DockName_1"
  }
  ,
  "Storage": 
  {
  "Value": "API_Storage_1"
  }
  ,
  "KanbanNumber": 
  {
  "Value": "API_KanbanNumber_1"
  }
   ,
  "ShowFreeTextIn": 
  {
  "Value": 0
  }
  ,
  "UnitId": null,
  "StandardPrice": 
  {
  "Value": 1.7
  }
  ,
  "RowsGoodsLabel": 
  {
  "Value": "API_RowsGoodsLabel_1"
  }
  ,
  "ReferenceNumberDelivery": 
  {
  "Value": "API_ReferenceNumberDelivery_1" 
  }
  ,
  "ReferenceNumberManufacturing": 
  {
  "Value": "API_ReferenceNumberManufacturing_1"
  }
  ,
  "AlternatePreparationCode": 
  {
  "Value": "API_AlternatePreparationCode_1"
  }
  ,
  "IsIncludedInPaymentPlan": 
  {
  "Value": 0
  }

}
