 {
  "ActualDeliveryDate": "2022/06/15 00:00:00"  ,
  "CustomerOrderInvoiceId": 716376928910006043,
  "PartId": 544516405874970197  ,
  "PartConfigurationSessionId": null,
  "AdditionalPartCode": "API_AddPartCode_1" ,
  "PartDescription": "API_PartDescription_1" ,
  "TextRowData": null,
  "OrderedQuantity":1000.0,
  "Price": 1.5 ,
  "SetupPrice": 2.5 ,
  "WarehouseId": 577616803023078647 ,
  "OrderRowType": 1,
  "DeliveryDate": "2022/07/15 00:00:00" ,
  "DesiredDeliveryDate": "2022/08/15 00:00:00" , 
  "Discount": 5.0 ,
  "SubRowContent": null,
  "InsertRowBeforeId": null,
  "InsertRowAfterId": null,
  "Dock": "API_Dock_1"  ,
  "DockName": "API_DockName_1"  ,
  "Storage": "API_Storage_1" ,
  "KanbanNumber": "API_KanbanNumber_1" ,
  "WeightPerUnit": 1.6  ,
  "ShowFreeTextIn": 0  ,
  "AffectStockBalance": 0 ,
  "DeliveryReportingLocations": null,
  "RowsGoodsLabel": "API_RowsGoodsLabel_1"  ,
  "CodingRows": null,
  "VatRateId": 1
 }
