{
  "CustomerOrderId": 872146078465702074  ,
  "Status": 
  {
  "Value": 1
  }
  ,
  "PaymentTermId": 
  {
  "Value": 544218139730374320
  }
  ,
  "PaymentTermDescription": 
  {
  "Value": "API_PaymentTermDescription_1"
  }
  ,
  "GracePeriodInDays": 
  {
  "Value": 5
  }
  ,
  "PaymentMethodId": 
  {
  "Value": 541165994153742515
  }
  ,
  "InvoiceType": 
  {
  "Value": 1
  }
  ,
  "DeliveryTermId": 
  {
  "Value": 541165833092186852
  }
  ,
  "DeliveryTermDescription": 
  {
  "Value": "API_DeliveryTermDescription_1"
  }
  ,
  "DeliveryMethodId": 
  {
  "Value": 541165833092186868
  }
  ,
  "DeliveryMethodDescription": 
  {
  "Value": "API_DeliveryMethodDescription_1"
  }
  ,
  "WarehouseId": 
  {
  "Value": 577616803023078647
  }
  ,
  "SellerId": 
  {
  "Value": 547564700932275284
  }
  ,
  "InvoiceCustomerId": 
  {
  "Value": 547630983015137045
  }
  ,
  "InvoiceStatusPending": 
  {
  "Value": 0
  }
  ,
  "OurReferenceId": 
  {
  "Value": 547558925274975748
  }
  ,
  "OurReferenceName": 
  {
  "Value": "API_OurReferenceName_1"
  }
  ,
  "BusinessContactReferenceId": 
  {
  "Value": 563193706279417433
  }
  ,
  "BusinessContactReferenceName": 
  {
  "Value": "API_BusinessContactReferenceName_1"
  }
  ,
  "GoodsLabel1": 
  {
  "Value": "API_GoodsLabel1_1"
  }
  ,
  "GoodsLabel2": 
  {
  "Value": "API_GoodsLabel2_1"
  }
  ,
  "OrderDate": 
  {
  "Value": "2022/06/17 00:00:00"
  }
  ,
  "BusinessContactOrderNumber": 
  {
  "Value": "API_BusOrder_1"
  }
  ,
  "Preliminary": 
  {
  "Value": 0
  }
  ,
  "CategoryString": 
  {
  "Value": "API_Cat_1"
  }
  ,
  "ProjectId": 
  {
  "Value": 577552386029590746
  }
  ,
  "ConsigneeReferenceId": null ,
  "TransportTime": 
  {
  "Value": 5
  }
 ,
  "PaymentPlanTemplateId": null,
  "ComprehensiveInvoiceGroupingMode": 
  {
  "Value": 0
  }
 ,
  "Priority": 
  {
  "Value": 1
  }
}
