{
  "CustomerOrderId": 872146078465702074  ,
  "PartId": 547566148336246153   ,
  "PartConfigurationSessionId": null,
  "AdditionalPartCode": "API_AddPartCode_1"  ,
  "PartDescription": "API_PartDescription_1" ,
  "TextRowData": null,
  "OrderedQuantity": 1000.0,
  "Price": 1.5  ,
  "SetupPrice": 2.5 ,
  "WarehouseId": 577616803023078647   ,
  "OrderRowType": 1   ,
  "DeliveryDate": "2022/06/18 00:00:00"   ,
  "DesiredDeliveryDate": "2022/06/18 00:00:00"  ,
  "Discount": 5.0   ,
  "SubRowContent": null,
  "InsertRowBeforeId": null,
  "InsertRowAfterId": null,
  "Dock": "API_Dock_1"  ,
  "DockName": "API_DockName_1"  ,
  "Storage": "API_Storage_1"  ,
  "KanbanNumber": "API_KanbanNumber_1"  ,
  "WeightPerUnit": 1.8 ,
  "ShowFreeTextIn": 0   ,
  "CustomerCommitmentLevel": 1  ,
  "SubRows": null,
  "UnitId": null  ,   
  "StandardPrice": 
  {
  "Value": 1.5
  }
  ,
  "RowsGoodsLabel": "API_RowsGoodsLabel_1"  ,
  "ReferenceNumberDelivery": "API_ReferenceNumberDelivery_1"   ,
  "ReferenceNumberManufacturing": "API_ReferenceNumberManufacturing_1" ,
  "AlternatePreparationCode": "API_AlternatePreparationCode_1"  ,
  "IsIncludedInPaymentPlan": 0 ,
  "CodingRows": null,
  "VatRateId": 1
}
